onsen_id,温泉名,地域,写真ACで検索(URL),取得状況,保存ファイル名(例),role,source_name,license,メモ
1,玉川温泉,秋田・仙北,https://www.photo-ac.com/main/search?q=%E7%8E%89%E5%B7%9D%E6%B8%A9%E6%B3%89,未,写真AC/玉川温泉.jpg,hero,写真AC,AC Works License(クレジット不要),
2,酸ヶ湯温泉,青森・八甲田,https://www.photo-ac.com/main/search?q=%E9%85%B8%E3%83%B6%E6%B9%AF%E6%B8%A9%E6%B3%89,未,写真AC/酸ヶ湯温泉.jpg,hero,写真AC,AC Works License(クレジット不要),
3,乳頭温泉,秋田・仙北,https://www.photo-ac.com/main/search?q=%E4%B9%B3%E9%A0%AD%E6%B8%A9%E6%B3%89,未,写真AC/乳頭温泉.jpg,hero,写真AC,AC Works License(クレジット不要),
4,草津温泉,群馬・草津,https://www.photo-ac.com/main/search?q=%E8%8D%89%E6%B4%A5%E6%B8%A9%E6%B3%89,未,写真AC/草津温泉.jpg,hero,写真AC,AC Works License(クレジット不要),
5,万座温泉,群馬・嬬恋,https://www.photo-ac.com/main/search?q=%E4%B8%87%E5%BA%A7%E6%B8%A9%E6%B3%89,未,写真AC/万座温泉.jpg,hero,写真AC,AC Works License(クレジット不要),
6,有馬温泉,兵庫・神戸,https://www.photo-ac.com/main/search?q=%E6%9C%89%E9%A6%AC%E6%B8%A9%E6%B3%89,未,写真AC/有馬温泉.jpg,hero,写真AC,AC Works License(クレジット不要),
7,道後温泉,愛媛・松山,https://www.photo-ac.com/main/search?q=%E9%81%93%E5%BE%8C%E6%B8%A9%E6%B3%89,未,写真AC/道後温泉.jpg,hero,写真AC,AC Works License(クレジット不要),
8,別所温泉,長野・上田,https://www.photo-ac.com/main/search?q=%E5%88%A5%E6%89%80%E6%B8%A9%E6%B3%89,未,写真AC/別所温泉.jpg,hero,写真AC,AC Works License(クレジット不要),
9,武雄温泉,佐賀・武雄,https://www.photo-ac.com/main/search?q=%E6%AD%A6%E9%9B%84%E6%B8%A9%E6%B3%89,未,写真AC/武雄温泉.jpg,hero,写真AC,AC Works License(クレジット不要),
10,嬉野温泉,佐賀・嬉野,https://www.photo-ac.com/main/search?q=%E5%AC%89%E9%87%8E%E6%B8%A9%E6%B3%89,未,写真AC/嬉野温泉.jpg,hero,写真AC,AC Works License(クレジット不要),
11,黒川温泉,熊本・南小国,https://www.photo-ac.com/main/search?q=%E9%BB%92%E5%B7%9D%E6%B8%A9%E6%B3%89,未,写真AC/黒川温泉.jpg,hero,写真AC,AC Works License(クレジット不要),
12,明礬温泉,大分・別府,https://www.photo-ac.com/main/search?q=%E6%98%8E%E7%A4%AC%E6%B8%A9%E6%B3%89,未,写真AC/明礬温泉.jpg,hero,写真AC,AC Works License(クレジット不要),
13,鉄輪温泉,大分・別府,https://www.photo-ac.com/main/search?q=%E9%89%84%E8%BC%AA%E6%B8%A9%E6%B3%89,未,写真AC/鉄輪温泉.jpg,hero,写真AC,AC Works License(クレジット不要),
14,川湯温泉 北海道,北海道・弟子屈,https://www.photo-ac.com/main/search?q=%E5%B7%9D%E6%B9%AF%E6%B8%A9%E6%B3%89%20%E5%8C%97%E6%B5%B7%E9%81%93,未,写真AC/川湯温泉 北海道.jpg,hero,写真AC,AC Works License(クレジット不要),
15,不老ふ死温泉,青森・深浦,https://www.photo-ac.com/main/search?q=%E4%B8%8D%E8%80%81%E3%81%B5%E6%AD%BB%E6%B8%A9%E6%B3%89,未,写真AC/不老ふ死温泉.jpg,hero,写真AC,AC Works License(クレジット不要),
16,高峰温泉,長野・小諸,https://www.photo-ac.com/main/search?q=%E9%AB%98%E5%B3%B0%E6%B8%A9%E6%B3%89,未,写真AC/高峰温泉.jpg,hero,写真AC,AC Works License(クレジット不要),
17,蒲田 黒湯,東京・大田,https://www.photo-ac.com/main/search?q=%E8%92%B2%E7%94%B0%20%E9%BB%92%E6%B9%AF,未,写真AC/蒲田 黒湯.jpg,hero,写真AC,AC Works License(クレジット不要),
18,長湯温泉,大分・竹田,https://www.photo-ac.com/main/search?q=%E9%95%B7%E6%B9%AF%E6%B8%A9%E6%B3%89,未,写真AC/長湯温泉.jpg,hero,写真AC,AC Works License(クレジット不要),
19,三朝温泉,鳥取・三朝,https://www.photo-ac.com/main/search?q=%E4%B8%89%E6%9C%9D%E6%B8%A9%E6%B3%89,未,写真AC/三朝温泉.jpg,hero,写真AC,AC Works License(クレジット不要),
20,湯村温泉 兵庫,兵庫・新温泉町,https://www.photo-ac.com/main/search?q=%E6%B9%AF%E6%9D%91%E6%B8%A9%E6%B3%89%20%E5%85%B5%E5%BA%AB,未,写真AC/湯村温泉 兵庫.jpg,hero,写真AC,AC Works License(クレジット不要),
21,かみのやま温泉,山形・上山,https://www.photo-ac.com/main/search?q=%E3%81%8B%E3%81%BF%E3%81%AE%E3%82%84%E3%81%BE%E6%B8%A9%E6%B3%89,未,写真AC/かみのやま温泉.jpg,hero,写真AC,AC Works License(クレジット不要),
22,和倉温泉,石川・七尾,https://www.photo-ac.com/main/search?q=%E5%92%8C%E5%80%89%E6%B8%A9%E6%B3%89,未,写真AC/和倉温泉.jpg,hero,写真AC,AC Works License(クレジット不要),
23,国見温泉,岩手・雫石,https://www.photo-ac.com/main/search?q=%E5%9B%BD%E8%A6%8B%E6%B8%A9%E6%B3%89,未,写真AC/国見温泉.jpg,hero,写真AC,AC Works License(クレジット不要),
24,五色温泉 米沢,山形・米沢,https://www.photo-ac.com/main/search?q=%E4%BA%94%E8%89%B2%E6%B8%A9%E6%B3%89%20%E7%B1%B3%E6%B2%A2,未,写真AC/五色温泉 米沢.jpg,hero,写真AC,AC Works License(クレジット不要),
25,鰻温泉,鹿児島・指宿,https://www.photo-ac.com/main/search?q=%E9%B0%BB%E6%B8%A9%E6%B3%89,未,写真AC/鰻温泉.jpg,hero,写真AC,AC Works License(クレジット不要),
26,日当山温泉,鹿児島・霧島,https://www.photo-ac.com/main/search?q=%E6%97%A5%E5%BD%93%E5%B1%B1%E6%B8%A9%E6%B3%89,未,写真AC/日当山温泉.jpg,hero,写真AC,AC Works License(クレジット不要),
27,塩浸温泉,鹿児島・霧島,https://www.photo-ac.com/main/search?q=%E5%A1%A9%E6%B5%B8%E6%B8%A9%E6%B3%89,未,写真AC/塩浸温泉.jpg,hero,写真AC,AC Works License(クレジット不要),
28,川内高城温泉,鹿児島・薩摩川内,https://www.photo-ac.com/main/search?q=%E5%B7%9D%E5%86%85%E9%AB%98%E5%9F%8E%E6%B8%A9%E6%B3%89,未,写真AC/川内高城温泉.jpg,hero,写真AC,AC Works License(クレジット不要),
29,妙見温泉,鹿児島・霧島,https://www.photo-ac.com/main/search?q=%E5%A6%99%E8%A6%8B%E6%B8%A9%E6%B3%89,未,写真AC/妙見温泉.jpg,hero,写真AC,AC Works License(クレジット不要),
30,霧島温泉郷,鹿児島・霧島,https://www.photo-ac.com/main/search?q=%E9%9C%A7%E5%B3%B6%E6%B8%A9%E6%B3%89%E9%83%B7,未,写真AC/霧島温泉郷.jpg,hero,写真AC,AC Works License(クレジット不要),
31,指宿温泉,鹿児島・指宿,https://www.photo-ac.com/main/search?q=%E6%8C%87%E5%AE%BF%E6%B8%A9%E6%B3%89,未,写真AC/指宿温泉.jpg,hero,写真AC,AC Works License(クレジット不要),
32,湯川内温泉,鹿児島・出水,https://www.photo-ac.com/main/search?q=%E6%B9%AF%E5%B7%9D%E5%86%85%E6%B8%A9%E6%B3%89,未,写真AC/湯川内温泉.jpg,hero,写真AC,AC Works License(クレジット不要),
33,蔵王温泉,山形・蔵王,https://www.photo-ac.com/main/search?q=%E8%94%B5%E7%8E%8B%E6%B8%A9%E6%B3%89,未,写真AC/蔵王温泉.jpg,hero,写真AC,AC Works License(クレジット不要),
34,鳴子温泉,宮城・大崎,https://www.photo-ac.com/main/search?q=%E9%B3%B4%E5%AD%90%E6%B8%A9%E6%B3%89,未,写真AC/鳴子温泉.jpg,hero,写真AC,AC Works License(クレジット不要),
35,肘折温泉,山形・大蔵,https://www.photo-ac.com/main/search?q=%E8%82%98%E6%8A%98%E6%B8%A9%E6%B3%89,未,写真AC/肘折温泉.jpg,hero,写真AC,AC Works License(クレジット不要),
36,高湯温泉,福島・福島,https://www.photo-ac.com/main/search?q=%E9%AB%98%E6%B9%AF%E6%B8%A9%E6%B3%89,未,写真AC/高湯温泉.jpg,hero,写真AC,AC Works License(クレジット不要),
37,微温湯温泉,福島・吾妻山,https://www.photo-ac.com/main/search?q=%E5%BE%AE%E6%B8%A9%E6%B9%AF%E6%B8%A9%E6%B3%89,未,写真AC/微温湯温泉.jpg,hero,写真AC,AC Works License(クレジット不要),
38,法師温泉,群馬・みなかみ,https://www.photo-ac.com/main/search?q=%E6%B3%95%E5%B8%AB%E6%B8%A9%E6%B3%89,未,写真AC/法師温泉.jpg,hero,写真AC,AC Works License(クレジット不要),
39,松之山温泉,新潟・十日町,https://www.photo-ac.com/main/search?q=%E6%9D%BE%E4%B9%8B%E5%B1%B1%E6%B8%A9%E6%B3%89,未,写真AC/松之山温泉.jpg,hero,写真AC,AC Works License(クレジット不要),
40,白骨温泉,長野・松本,https://www.photo-ac.com/main/search?q=%E7%99%BD%E9%AA%A8%E6%B8%A9%E6%B3%89,未,写真AC/白骨温泉.jpg,hero,写真AC,AC Works License(クレジット不要),
41,渋温泉 長野,長野・山ノ内,https://www.photo-ac.com/main/search?q=%E6%B8%8B%E6%B8%A9%E6%B3%89%20%E9%95%B7%E9%87%8E,未,写真AC/渋温泉 長野.jpg,hero,写真AC,AC Works License(クレジット不要),
42,野沢温泉,長野・野沢温泉村,https://www.photo-ac.com/main/search?q=%E9%87%8E%E6%B2%A2%E6%B8%A9%E6%B3%89,未,写真AC/野沢温泉.jpg,hero,写真AC,AC Works License(クレジット不要),
43,銀山温泉,山形・尾花沢,https://www.photo-ac.com/main/search?q=%E9%8A%80%E5%B1%B1%E6%B8%A9%E6%B3%89,未,写真AC/銀山温泉.jpg,hero,写真AC,AC Works License(クレジット不要),
44,玉造温泉,島根・松江,https://www.photo-ac.com/main/search?q=%E7%8E%89%E9%80%A0%E6%B8%A9%E6%B3%89,未,写真AC/玉造温泉.jpg,hero,写真AC,AC Works License(クレジット不要),
45,龍神温泉,和歌山・田辺,https://www.photo-ac.com/main/search?q=%E9%BE%8D%E7%A5%9E%E6%B8%A9%E6%B3%89,未,写真AC/龍神温泉.jpg,hero,写真AC,AC Works License(クレジット不要),
46,豊富温泉 北海道,北海道・豊富,https://www.photo-ac.com/main/search?q=%E8%B1%8A%E5%AF%8C%E6%B8%A9%E6%B3%89%20%E5%8C%97%E6%B5%B7%E9%81%93,未,写真AC/豊富温泉 北海道.jpg,hero,写真AC,AC Works License(クレジット不要),
47,奴留湯温泉,熊本・小国,https://www.photo-ac.com/main/search?q=%E5%A5%B4%E7%95%99%E6%B9%AF%E6%B8%A9%E6%B3%89,未,写真AC/奴留湯温泉.jpg,hero,写真AC,AC Works License(クレジット不要),
48,城崎温泉,兵庫・豊岡,https://www.photo-ac.com/main/search?q=%E5%9F%8E%E5%B4%8E%E6%B8%A9%E6%B3%89,未,写真AC/城崎温泉.jpg,hero,写真AC,AC Works License(クレジット不要),
49,登別温泉,北海道・登別,https://www.photo-ac.com/main/search?q=%E7%99%BB%E5%88%A5%E6%B8%A9%E6%B3%89,未,写真AC/登別温泉.jpg,hero,写真AC,AC Works License(クレジット不要),
50,ニセコ五色温泉,北海道・ニセコ,https://www.photo-ac.com/main/search?q=%E3%83%8B%E3%82%BB%E3%82%B3%E4%BA%94%E8%89%B2%E6%B8%A9%E6%B3%89,未,写真AC/ニセコ五色温泉.jpg,hero,写真AC,AC Works License(クレジット不要),
51,蔦温泉,青森・十和田,https://www.photo-ac.com/main/search?q=%E8%94%A6%E6%B8%A9%E6%B3%89,未,写真AC/蔦温泉.jpg,hero,写真AC,AC Works License(クレジット不要),
52,後生掛温泉,秋田・鹿角,https://www.photo-ac.com/main/search?q=%E5%BE%8C%E7%94%9F%E6%8E%9B%E6%B8%A9%E6%B3%89,未,写真AC/後生掛温泉.jpg,hero,写真AC,AC Works License(クレジット不要),
53,二岐温泉,福島・天栄,https://www.photo-ac.com/main/search?q=%E4%BA%8C%E5%B2%90%E6%B8%A9%E6%B3%89,未,写真AC/二岐温泉.jpg,hero,写真AC,AC Works License(クレジット不要),
54,飯坂温泉,福島・福島,https://www.photo-ac.com/main/search?q=%E9%A3%AF%E5%9D%82%E6%B8%A9%E6%B3%89,未,写真AC/飯坂温泉.jpg,hero,写真AC,AC Works License(クレジット不要),
55,那須湯本温泉,栃木・那須,https://www.photo-ac.com/main/search?q=%E9%82%A3%E9%A0%88%E6%B9%AF%E6%9C%AC%E6%B8%A9%E6%B3%89,未,写真AC/那須湯本温泉.jpg,hero,写真AC,AC Works License(クレジット不要),
56,袋田温泉,茨城・大子,https://www.photo-ac.com/main/search?q=%E8%A2%8B%E7%94%B0%E6%B8%A9%E6%B3%89,未,写真AC/袋田温泉.jpg,hero,写真AC,AC Works License(クレジット不要),
57,玉川温泉 埼玉,埼玉・ときがわ,https://www.photo-ac.com/main/search?q=%E7%8E%89%E5%B7%9D%E6%B8%A9%E6%B3%89%20%E5%9F%BC%E7%8E%89,未,写真AC/玉川温泉 埼玉.jpg,hero,写真AC,AC Works License(クレジット不要),
58,養老渓谷温泉,千葉・大多喜,https://www.photo-ac.com/main/search?q=%E9%A4%8A%E8%80%81%E6%B8%93%E8%B0%B7%E6%B8%A9%E6%B3%89,未,写真AC/養老渓谷温泉.jpg,hero,写真AC,AC Works License(クレジット不要),
59,箱根湯本温泉,神奈川・箱根,https://www.photo-ac.com/main/search?q=%E7%AE%B1%E6%A0%B9%E6%B9%AF%E6%9C%AC%E6%B8%A9%E6%B3%89,未,写真AC/箱根湯本温泉.jpg,hero,写真AC,AC Works License(クレジット不要),
60,黒薙温泉,富山・黒部,https://www.photo-ac.com/main/search?q=%E9%BB%92%E8%96%99%E6%B8%A9%E6%B3%89,未,写真AC/黒薙温泉.jpg,hero,写真AC,AC Works License(クレジット不要),
61,あわら温泉,福井・あわら,https://www.photo-ac.com/main/search?q=%E3%81%82%E3%82%8F%E3%82%89%E6%B8%A9%E6%B3%89,未,写真AC/あわら温泉.jpg,hero,写真AC,AC Works License(クレジット不要),
62,増富温泉,山梨・北杜,https://www.photo-ac.com/main/search?q=%E5%A2%97%E5%AF%8C%E6%B8%A9%E6%B3%89,未,写真AC/増富温泉.jpg,hero,写真AC,AC Works License(クレジット不要),
63,下呂温泉,岐阜・下呂,https://www.photo-ac.com/main/search?q=%E4%B8%8B%E5%91%82%E6%B8%A9%E6%B3%89,未,写真AC/下呂温泉.jpg,hero,写真AC,AC Works License(クレジット不要),
64,新穂高温泉,岐阜・奥飛騨,https://www.photo-ac.com/main/search?q=%E6%96%B0%E7%A9%82%E9%AB%98%E6%B8%A9%E6%B3%89,未,写真AC/新穂高温泉.jpg,hero,写真AC,AC Works License(クレジット不要),
65,熱海温泉,静岡・熱海,https://www.photo-ac.com/main/search?q=%E7%86%B1%E6%B5%B7%E6%B8%A9%E6%B3%89,未,写真AC/熱海温泉.jpg,hero,写真AC,AC Works License(クレジット不要),
66,湯谷温泉,愛知・新城,https://www.photo-ac.com/main/search?q=%E6%B9%AF%E8%B0%B7%E6%B8%A9%E6%B3%89,未,写真AC/湯谷温泉.jpg,hero,写真AC,AC Works License(クレジット不要),
67,榊原温泉,三重・津,https://www.photo-ac.com/main/search?q=%E6%A6%8A%E5%8E%9F%E6%B8%A9%E6%B3%89,未,写真AC/榊原温泉.jpg,hero,写真AC,AC Works License(クレジット不要),
68,おごと温泉,滋賀・大津,https://www.photo-ac.com/main/search?q=%E3%81%8A%E3%81%94%E3%81%A8%E6%B8%A9%E6%B3%89,未,写真AC/おごと温泉.jpg,hero,写真AC,AC Works License(クレジット不要),
69,湯の花温泉,京都・亀岡,https://www.photo-ac.com/main/search?q=%E6%B9%AF%E3%81%AE%E8%8A%B1%E6%B8%A9%E6%B3%89,未,写真AC/湯の花温泉.jpg,hero,写真AC,AC Works License(クレジット不要),
70,十津川温泉,奈良・十津川,https://www.photo-ac.com/main/search?q=%E5%8D%81%E6%B4%A5%E5%B7%9D%E6%B8%A9%E6%B3%89,未,写真AC/十津川温泉.jpg,hero,写真AC,AC Works License(クレジット不要),
71,山空海温泉,大阪・能勢,https://www.photo-ac.com/main/search?q=%E5%B1%B1%E7%A9%BA%E6%B5%B7%E6%B8%A9%E6%B3%89,未,写真AC/山空海温泉.jpg,hero,写真AC,AC Works License(クレジット不要),
72,湯の峰温泉,和歌山・田辺,https://www.photo-ac.com/main/search?q=%E6%B9%AF%E3%81%AE%E5%B3%B0%E6%B8%A9%E6%B3%89,未,写真AC/湯の峰温泉.jpg,hero,写真AC,AC Works License(クレジット不要),
73,湯原温泉,岡山・真庭,https://www.photo-ac.com/main/search?q=%E6%B9%AF%E5%8E%9F%E6%B8%A9%E6%B3%89,未,写真AC/湯原温泉.jpg,hero,写真AC,AC Works License(クレジット不要),
74,湯来温泉,広島・佐伯,https://www.photo-ac.com/main/search?q=%E6%B9%AF%E6%9D%A5%E6%B8%A9%E6%B3%89,未,写真AC/湯来温泉.jpg,hero,写真AC,AC Works License(クレジット不要),
75,俵山温泉,山口・長門,https://www.photo-ac.com/main/search?q=%E4%BF%B5%E5%B1%B1%E6%B8%A9%E6%B3%89,未,写真AC/俵山温泉.jpg,hero,写真AC,AC Works License(クレジット不要),
76,祖谷温泉,徳島・三好,https://www.photo-ac.com/main/search?q=%E7%A5%96%E8%B0%B7%E6%B8%A9%E6%B3%89,未,写真AC/祖谷温泉.jpg,hero,写真AC,AC Works License(クレジット不要),
77,塩江温泉,香川・高松,https://www.photo-ac.com/main/search?q=%E5%A1%A9%E6%B1%9F%E6%B8%A9%E6%B3%89,未,写真AC/塩江温泉.jpg,hero,写真AC,AC Works License(クレジット不要),
78,雲の上の温泉,高知・梼原,https://www.photo-ac.com/main/search?q=%E9%9B%B2%E3%81%AE%E4%B8%8A%E3%81%AE%E6%B8%A9%E6%B3%89,未,写真AC/雲の上の温泉.jpg,hero,写真AC,AC Works License(クレジット不要),
79,原鶴温泉,福岡・朝倉,https://www.photo-ac.com/main/search?q=%E5%8E%9F%E9%B6%B4%E6%B8%A9%E6%B3%89,未,写真AC/原鶴温泉.jpg,hero,写真AC,AC Works License(クレジット不要),
80,雲仙温泉,長崎・雲仙,https://www.photo-ac.com/main/search?q=%E9%9B%B2%E4%BB%99%E6%B8%A9%E6%B3%89,未,写真AC/雲仙温泉.jpg,hero,写真AC,AC Works License(クレジット不要),
81,小浜温泉,長崎・雲仙,https://www.photo-ac.com/main/search?q=%E5%B0%8F%E6%B5%9C%E6%B8%A9%E6%B3%89,未,写真AC/小浜温泉.jpg,hero,写真AC,AC Works License(クレジット不要),
82,京町温泉,宮崎・えびの,https://www.photo-ac.com/main/search?q=%E4%BA%AC%E7%94%BA%E6%B8%A9%E6%B3%89,未,写真AC/京町温泉.jpg,hero,写真AC,AC Works License(クレジット不要),
83,シギラ黄金温泉,沖縄・宮古島,https://www.photo-ac.com/main/search?q=%E3%82%B7%E3%82%AE%E3%83%A9%E9%BB%84%E9%87%91%E6%B8%A9%E6%B3%89,未,写真AC/シギラ黄金温泉.jpg,hero,写真AC,AC Works License(クレジット不要),
84,四万温泉,群馬・中之条,https://www.photo-ac.com/main/search?q=%E5%9B%9B%E4%B8%87%E6%B8%A9%E6%B3%89,未,写真AC/四万温泉.jpg,hero,写真AC,AC Works License(クレジット不要),
85,伊香保温泉,群馬・渋川,https://www.photo-ac.com/main/search?q=%E4%BC%8A%E9%A6%99%E4%BF%9D%E6%B8%A9%E6%B3%89,未,写真AC/伊香保温泉.jpg,hero,写真AC,AC Works License(クレジット不要),
86,修善寺温泉,静岡・伊豆,https://www.photo-ac.com/main/search?q=%E4%BF%AE%E5%96%84%E5%AF%BA%E6%B8%A9%E6%B3%89,未,写真AC/修善寺温泉.jpg,hero,写真AC,AC Works License(クレジット不要),
87,由布院温泉,大分・由布,https://www.photo-ac.com/main/search?q=%E7%94%B1%E5%B8%83%E9%99%A2%E6%B8%A9%E6%B3%89,未,写真AC/由布院温泉.jpg,hero,写真AC,AC Works License(クレジット不要),
88,山中温泉,石川・加賀,https://www.photo-ac.com/main/search?q=%E5%B1%B1%E4%B8%AD%E6%B8%A9%E6%B3%89,未,写真AC/山中温泉.jpg,hero,写真AC,AC Works License(クレジット不要),
89,秋保温泉,宮城・仙台,https://www.photo-ac.com/main/search?q=%E7%A7%8B%E4%BF%9D%E6%B8%A9%E6%B3%89,未,写真AC/秋保温泉.jpg,hero,写真AC,AC Works License(クレジット不要),
90,竹瓦温泉,大分・別府,https://www.photo-ac.com/main/search?q=%E7%AB%B9%E7%93%A6%E6%B8%A9%E6%B3%89,未,写真AC/竹瓦温泉.jpg,hero,写真AC,AC Works License(クレジット不要),
91,奥日光湯元温泉,栃木・日光,https://www.photo-ac.com/main/search?q=%E5%A5%A5%E6%97%A5%E5%85%89%E6%B9%AF%E5%85%83%E6%B8%A9%E6%B3%89,未,写真AC/奥日光湯元温泉.jpg,hero,写真AC,AC Works License(クレジット不要),
92,山代温泉,石川・加賀,https://www.photo-ac.com/main/search?q=%E5%B1%B1%E4%BB%A3%E6%B8%A9%E6%B3%89,未,写真AC/山代温泉.jpg,hero,写真AC,AC Works License(クレジット不要),
93,皆生温泉,鳥取・米子,https://www.photo-ac.com/main/search?q=%E7%9A%86%E7%94%9F%E6%B8%A9%E6%B3%89,未,写真AC/皆生温泉.jpg,hero,写真AC,AC Works License(クレジット不要),
94,鬼怒川温泉,栃木・日光,https://www.photo-ac.com/main/search?q=%E9%AC%BC%E6%80%92%E5%B7%9D%E6%B8%A9%E6%B3%89,未,写真AC/鬼怒川温泉.jpg,hero,写真AC,AC Works License(クレジット不要),
95,阿寒湖温泉,北海道・釧路,https://www.photo-ac.com/main/search?q=%E9%98%BF%E5%AF%92%E6%B9%96%E6%B8%A9%E6%B3%89,未,写真AC/阿寒湖温泉.jpg,hero,写真AC,AC Works License(クレジット不要),
96,大沢温泉 花巻,岩手・花巻,https://www.photo-ac.com/main/search?q=%E5%A4%A7%E6%B2%A2%E6%B8%A9%E6%B3%89%20%E8%8A%B1%E5%B7%BB,未,写真AC/大沢温泉 花巻.jpg,hero,写真AC,AC Works License(クレジット不要),
